Sample_ID,Lineage,Family,Lineage_Fraction,Spoligotype,Gene,Position,Reference,Alternative,Frequency,Protein_Change,Nucleotide_Change,Drug,Resistance_Confidence,Resistance_Source,Resistance_Comment,Percent_Reads_Mapped,Reads_Mapped,Target_Median_Depth,Genome_Median_Depth
sample1,lineage4,Euro-American,100.0,,gyrA,7582,A,C,1.0,p.Asp94Ala,c.281A>C,levofloxacin,Assoc w R,WHO catalogue v2,,99.16,847419,44.0,42.0
sample1,lineage4,Euro-American,100.0,,gyrA,7582,A,C,1.0,p.Asp94Ala,c.281A>C,moxifloxacin,Assoc w R,WHO catalogue v2,"Low-level resistance (multiple, genetically linked low-level resistance mutations are additive and confer high-level resistance)",99.16,847419,44.0,42.0
sample1,lineage4,Euro-American,100.0,,rpoB,761155,C,T,1.0,p.Ser450Leu,c.1349C>T,rifampicin,Assoc w R,WHO catalogue v2,,99.16,847419,44.0,42.0
sample1,lineage4,Euro-American,100.0,,rpoB,761155,C,T,1.0,p.Ser450Leu,c.1349C>T,rifapentine,Assoc w R,WHO catalogue v2,Groups 1-5 classifications for rifampicin also apply to rifapentine,99.16,847419,44.0,42.0
sample1,lineage4,Euro-American,100.0,,rrs,1473246,A,G,1.0,,n.1401A>G,amikacin,Assoc w R,WHO catalogue v2,,99.16,847419,44.0,42.0
sample1,lineage4,Euro-American,100.0,,rrs,1473246,A,G,1.0,,n.1401A>G,capreomycin,Assoc w R,WHO catalogue v2,,99.16,847419,44.0,42.0
sample1,lineage4,Euro-American,100.0,,rrs,1473246,A,G,1.0,,n.1401A>G,kanamycin,Assoc w R,WHO catalogue v2,,99.16,847419,44.0,42.0
sample1,lineage4,Euro-American,100.0,,inhA,1673425,C,T,1.0,,c.-777C>T,ethionamide,Assoc w R,WHO catalogue v2,Alias fabG1_c.-15C>T,99.16,847419,44.0,42.0
sample1,lineage4,Euro-American,100.0,,inhA,1673425,C,T,1.0,,c.-777C>T,isoniazid,Assoc w R,WHO catalogue v2,"Alias fabG1_c.-15C>T. Low-level resistance (multiple, genetically linked low-level resistance mutations are additive and confer high-level resistance)",99.16,847419,44.0,42.0
sample1,lineage4,Euro-American,100.0,,inhA,1673425,C,T,1.0,,c.-777C>T,prothionamide,Assoc w R,WHO catalogue v2,Groups 1-5 classifications for ethionamide also apply to prothionamide,99.16,847419,44.0,42.0
sample1,lineage4,Euro-American,100.0,,inhA,1674782,T,C,1.0,p.Ile194Thr,c.581T>C,ethionamide,Uncertain significance,tbdb,Mutation from literature: doi: 10.1128/AAC.01028-15,99.16,847419,44.0,42.0
sample1,lineage4,Euro-American,100.0,,inhA,1674782,T,C,1.0,p.Ile194Thr,c.581T>C,isoniazid,Uncertain significance,tbdb,Mutation from literature: doi: 10.1126/scitranslmed.3010597,99.16,847419,44.0,42.0
sample1,lineage4,Euro-American,100.0,,pncA,2288868,A,C,1.0,p.Val125Gly,c.374T>G,pyrazinamide,Assoc w R,WHO catalogue v2,,99.16,847419,44.0,42.0
sample1,lineage4,Euro-American,100.0,,thyA,3070987,C,<DEL>,1.0,p.0?,c.-2232_*2692del,para-aminosalicylic_acid,,tbdb,Mutation from literature,99.16,847419,44.0,42.0
sample1,lineage4,Euro-American,100.0,,embA,4243217,C,T,1.0,,c.-16C>T,ethambutol,Uncertain significance,tbdb,Mutation from literature,99.16,847419,44.0,42.0
sample1,lineage4,Euro-American,100.0,,embB,4247429,A,G,1.0,p.Met306Val,c.916A>G,ethambutol,Assoc w R,WHO catalogue v2,,99.16,847419,44.0,42.0
sample1,lineage4,Euro-American,100.0,,embB,4247781,T,C,1.0,p.Met423Thr,c.1268T>C,ethambutol,Uncertain significance,tbdb,Mutation from literature,99.16,847419,44.0,42.0
sample1,lineage4,Euro-American,100.0,,gid,4407965,C,G,1.0,p.Ala80Pro,c.238G>C,streptomycin,Uncertain significance,tbdb,Mutation from literature,99.16,847419,44.0,42.0
sample10,lineage4,Euro-American,100.0,,gyrA,7582,A,C,1.0,p.Asp94Ala,c.281A>C,levofloxacin,Assoc w R,WHO catalogue v2,,99.19,711520,36.0,35.0
sample10,lineage4,Euro-American,100.0,,gyrA,7582,A,C,1.0,p.Asp94Ala,c.281A>C,moxifloxacin,Assoc w R,WHO catalogue v2,"Low-level resistance (multiple, genetically linked low-level resistance mutations are additive and confer high-level resistance)",99.19,711520,36.0,35.0
sample10,lineage4,Euro-American,100.0,,rpoB,761155,C,T,1.0,p.Ser450Leu,c.1349C>T,rifampicin,Assoc w R,WHO catalogue v2,,99.19,711520,36.0,35.0
sample10,lineage4,Euro-American,100.0,,rpoB,761155,C,T,1.0,p.Ser450Leu,c.1349C>T,rifapentine,Assoc w R,WHO catalogue v2,Groups 1-5 classifications for rifampicin also apply to rifapentine,99.19,711520,36.0,35.0
sample10,lineage4,Euro-American,100.0,,rrs,1473246,A,G,1.0,,n.1401A>G,amikacin,Assoc w R,WHO catalogue v2,,99.19,711520,36.0,35.0
sample10,lineage4,Euro-American,100.0,,rrs,1473246,A,G,1.0,,n.1401A>G,capreomycin,Assoc w R,WHO catalogue v2,,99.19,711520,36.0,35.0
sample10,lineage4,Euro-American,100.0,,rrs,1473246,A,G,1.0,,n.1401A>G,kanamycin,Assoc w R,WHO catalogue v2,,99.19,711520,36.0,35.0
sample10,lineage4,Euro-American,100.0,,inhA,1673425,C,T,1.0,,c.-777C>T,ethionamide,Assoc w R,WHO catalogue v2,Alias fabG1_c.-15C>T,99.19,711520,36.0,35.0
sample10,lineage4,Euro-American,100.0,,inhA,1673425,C,T,1.0,,c.-777C>T,isoniazid,Assoc w R,WHO catalogue v2,"Alias fabG1_c.-15C>T. Low-level resistance (multiple, genetically linked low-level resistance mutations are additive and confer high-level resistance)",99.19,711520,36.0,35.0
sample10,lineage4,Euro-American,100.0,,inhA,1673425,C,T,1.0,,c.-777C>T,prothionamide,Assoc w R,WHO catalogue v2,Groups 1-5 classifications for ethionamide also apply to prothionamide,99.19,711520,36.0,35.0
sample10,lineage4,Euro-American,100.0,,inhA,1674782,T,C,1.0,p.Ile194Thr,c.581T>C,ethionamide,Uncertain significance,tbdb,Mutation from literature: doi: 10.1128/AAC.01028-15,99.19,711520,36.0,35.0
sample10,lineage4,Euro-American,100.0,,inhA,1674782,T,C,1.0,p.Ile194Thr,c.581T>C,isoniazid,Uncertain significance,tbdb,Mutation from literature: doi: 10.1126/scitranslmed.3010597,99.19,711520,36.0,35.0
sample10,lineage4,Euro-American,100.0,,pncA,2288868,A,C,1.0,p.Val125Gly,c.374T>G,pyrazinamide,Assoc w R,WHO catalogue v2,,99.19,711520,36.0,35.0
sample10,lineage4,Euro-American,100.0,,embA,4243217,C,T,1.0,,c.-16C>T,ethambutol,Uncertain significance,tbdb,Mutation from literature,99.19,711520,36.0,35.0
sample10,lineage4,Euro-American,100.0,,embB,4247429,A,G,1.0,p.Met306Val,c.916A>G,ethambutol,Assoc w R,WHO catalogue v2,,99.19,711520,36.0,35.0
sample10,lineage4,Euro-American,100.0,,embB,4247781,T,C,1.0,p.Met423Thr,c.1268T>C,ethambutol,Uncertain significance,tbdb,Mutation from literature,99.19,711520,36.0,35.0
sample10,lineage4,Euro-American,100.0,,gid,4407965,C,G,1.0,p.Ala80Pro,c.238G>C,streptomycin,Uncertain significance,tbdb,Mutation from literature,99.19,711520,36.0,35.0
sample11,lineage4,Euro-American,1.0,,rpoB,761139,C,A,1.0,p.His445Asn,c.1333C>A,rifampicin,Assoc w R,WHO catalogue v2,,98.17,4767689,132.0,130.0
sample12,lineage4,Euro-American,1.0,,rpoB,761095,T,C,1.0,p.Leu430Pro,c.1289T>C,rifampicin,Assoc w R,WHO catalogue v2,,77.58,2551953,76.0,75.0
sample12,lineage4,Euro-American,1.0,,rrs,1472733,G,A,0.13761467889908258,,n.888G>A,streptomycin,Uncertain significance,tbdb,Mutation from literature,77.58,2551953,76.0,75.0
sample13,lineage2,East-Asian,1.0,,rpoB,761139,C,T,1.0,p.His445Tyr,c.1333C>T,rifampicin,Assoc w R,WHO catalogue v2,,97.68,2349444,69.0,69.0
sample14,lineage4.3,Euro-American (LAM),1.0,,rpoB,761078,C,G,1.0,p.Phe424Leu,c.1272C>G,rifampicin,Uncertain significance,tbdb,Mutation from literature,89.59,3052819,72.0,76.0
sample14,lineage4.3,Euro-American (LAM),1.0,,rpoB,761095,T,C,1.0,p.Leu430Pro,c.1289T>C,rifampicin,Assoc w R,WHO catalogue v2,,89.59,3052819,72.0,76.0
sample14,lineage4.3,Euro-American (LAM),1.0,,rpsL,781687,A,G,1.0,p.Lys43Arg,c.128A>G,streptomycin,Assoc w R,WHO catalogue v2,,89.59,3052819,72.0,76.0
sample14,lineage4.3,Euro-American (LAM),1.0,,katG,2155168,C,G,1.0,p.Ser315Thr,c.944G>C,isoniazid,Assoc w R,WHO catalogue v2,High-level resistance,89.59,3052819,72.0,76.0
sample14,lineage4.3,Euro-American (LAM),1.0,,pncA,2289138,A,G,1.0,p.Leu35Pro,c.104T>C,pyrazinamide,Assoc w R - Interim,WHO catalogue v2,,89.59,3052819,72.0,76.0
sample14,lineage4.3,Euro-American (LAM),1.0,,embB,4249583,G,A,1.0,p.Asp1024Asn,c.3070G>A,ethambutol,Uncertain significance,tbdb,Mutation from literature,89.59,3052819,72.0,76.0
sample14,lineage4.3,Euro-American (LAM),1.0,,ethA,4327224,A,C,1.0,p.Tyr84Asp,c.250T>G,ethionamide,Uncertain significance,tbdb,Mutation from literature,89.59,3052819,72.0,76.0
sample15,lineage4.3,Euro-American (LAM),1.0,,rpoB,761095,T,C,1.0,p.Leu430Pro,c.1289T>C,rifampicin,Assoc w R,WHO catalogue v2,,98.82,3093461,95.0,92.0
sample15,lineage4.3,Euro-American (LAM),1.0,,rpoB,761141,C,A,1.0,p.His445Gln,c.1335C>A,rifampicin,Assoc w R - Interim,WHO catalogue v2,Expert rule: Non-silent variants in RRDR of rpoB,98.82,3093461,95.0,92.0
sample15,lineage4.3,Euro-American (LAM),1.0,,rpsL,781687,A,G,1.0,p.Lys43Arg,c.128A>G,streptomycin,Assoc w R,WHO catalogue v2,,98.82,3093461,95.0,92.0
sample15,lineage4.3,Euro-American (LAM),1.0,,katG,2155168,C,G,1.0,p.Ser315Thr,c.944G>C,isoniazid,Assoc w R,WHO catalogue v2,High-level resistance,98.82,3093461,95.0,92.0
sample15,lineage4.3,Euro-American (LAM),1.0,,pncA,2289138,A,G,1.0,p.Leu35Pro,c.104T>C,pyrazinamide,Assoc w R - Interim,WHO catalogue v2,,98.82,3093461,95.0,92.0
sample15,lineage4.3,Euro-American (LAM),1.0,,embB,4247431,G,C,1.0,p.Met306Ile,c.918G>C,ethambutol,Assoc w R,WHO catalogue v2,,98.82,3093461,95.0,92.0
sample15,lineage4.3,Euro-American (LAM),1.0,,ethA,4327224,A,C,1.0,p.Tyr84Asp,c.250T>G,ethionamide,Uncertain significance,tbdb,Mutation from literature,98.82,3093461,95.0,92.0
sample2,lineage4,Euro-American,100.0,,rpoB,761155,C,T,1.0,p.Ser450Leu,c.1349C>T,rifampicin,Assoc w R,WHO catalogue v2,,98.75,1123413,58.0,55.0
sample2,lineage4,Euro-American,100.0,,rpoB,761155,C,T,1.0,p.Ser450Leu,c.1349C>T,rifapentine,Assoc w R,WHO catalogue v2,Groups 1-5 classifications for rifampicin also apply to rifapentine,98.75,1123413,58.0,55.0
sample2,lineage4,Euro-American,100.0,,inhA,1674262,A,G,1.0,p.Ile21Val,c.61A>G,isoniazid,Uncertain significance,tbdb,Mutation from literature: doi: 10.1128/AAC.47.12.3799-3805.2003,98.75,1123413,58.0,55.0
sample3,lineage4,Euro-American,100.0,,gyrA,7582,A,G,1.0,p.Asp94Gly,c.281A>G,levofloxacin,Assoc w R,WHO catalogue v2,,98.98,1019324,49.0,49.0
sample3,lineage4,Euro-American,100.0,,gyrA,7582,A,G,1.0,p.Asp94Gly,c.281A>G,moxifloxacin,Assoc w R,WHO catalogue v2,High-level resistance,98.98,1019324,49.0,49.0
sample3,lineage4,Euro-American,100.0,,rpoB,761155,C,T,1.0,p.Ser450Leu,c.1349C>T,rifampicin,Assoc w R,WHO catalogue v2,,98.98,1019324,49.0,49.0
sample3,lineage4,Euro-American,100.0,,rpoB,761155,C,T,1.0,p.Ser450Leu,c.1349C>T,rifapentine,Assoc w R,WHO catalogue v2,Groups 1-5 classifications for rifampicin also apply to rifapentine,98.98,1019324,49.0,49.0
sample3,lineage4,Euro-American,100.0,,rpsL,781687,A,G,1.0,p.Lys43Arg,c.128A>G,streptomycin,Assoc w R,WHO catalogue v2,,98.98,1019324,49.0,49.0
sample3,lineage4,Euro-American,100.0,,inhA,1673425,C,T,1.0,,c.-777C>T,ethionamide,Assoc w R,WHO catalogue v2,Alias fabG1_c.-15C>T,98.98,1019324,49.0,49.0
sample3,lineage4,Euro-American,100.0,,inhA,1673425,C,T,1.0,,c.-777C>T,isoniazid,Assoc w R,WHO catalogue v2,"Alias fabG1_c.-15C>T. Low-level resistance (multiple, genetically linked low-level resistance mutations are additive and confer high-level resistance)",98.98,1019324,49.0,49.0
sample3,lineage4,Euro-American,100.0,,inhA,1673425,C,T,1.0,,c.-777C>T,prothionamide,Assoc w R,WHO catalogue v2,Groups 1-5 classifications for ethionamide also apply to prothionamide,98.98,1019324,49.0,49.0
sample3,lineage4,Euro-American,100.0,,inhA,1674481,T,G,1.0,p.Ser94Ala,c.280T>G,ethionamide,Assoc w R - Interim,WHO catalogue v2,,98.98,1019324,49.0,49.0
sample3,lineage4,Euro-American,100.0,,inhA,1674481,T,G,1.0,p.Ser94Ala,c.280T>G,isoniazid,Assoc w R - Interim,WHO catalogue v2,"Low-level resistance (multiple, genetically linked low-level resistance mutations are additive and confer high-level resistance)",98.98,1019324,49.0,49.0
sample3,lineage4,Euro-American,100.0,,inhA,1674481,T,G,1.0,p.Ser94Ala,c.280T>G,prothionamide,Assoc w R - Interim,WHO catalogue v2,Groups 1-5 classifications for ethionamide also apply to prothionamide,98.98,1019324,49.0,49.0
sample3,lineage4,Euro-American,100.0,,pncA,2288883,A,G,1.0,p.Leu120Pro,c.359T>C,pyrazinamide,Assoc w R,WHO catalogue v2,,98.98,1019324,49.0,49.0
sample3,lineage4,Euro-American,100.0,,eis,2715342,C,T,1.0,,c.-10G>A,kanamycin,Assoc w R,WHO catalogue v2,Can only confer resistance if genetically linked to a functional Eis,98.98,1019324,49.0,49.0
sample3,lineage4,Euro-American,100.0,,embB,4247429,A,G,1.0,p.Met306Val,c.916A>G,ethambutol,Assoc w R,WHO catalogue v2,,98.98,1019324,49.0,49.0
sample4,lineage4,Euro-American,100.0,,rpoB,761155,C,T,1.0,p.Ser450Leu,c.1349C>T,rifampicin,Assoc w R,WHO catalogue v2,,99.11,1283599,66.0,63.0
sample4,lineage4,Euro-American,100.0,,rpoB,761155,C,T,1.0,p.Ser450Leu,c.1349C>T,rifapentine,Assoc w R,WHO catalogue v2,Groups 1-5 classifications for rifampicin also apply to rifapentine,99.11,1283599,66.0,63.0
sample4,lineage4,Euro-American,100.0,,inhA,1673425,C,T,1.0,,c.-777C>T,ethionamide,Assoc w R,WHO catalogue v2,Alias fabG1_c.-15C>T,99.11,1283599,66.0,63.0
sample4,lineage4,Euro-American,100.0,,inhA,1673425,C,T,1.0,,c.-777C>T,isoniazid,Assoc w R,WHO catalogue v2,"Alias fabG1_c.-15C>T. Low-level resistance (multiple, genetically linked low-level resistance mutations are additive and confer high-level resistance)",99.11,1283599,66.0,63.0
sample4,lineage4,Euro-American,100.0,,inhA,1673425,C,T,1.0,,c.-777C>T,prothionamide,Assoc w R,WHO catalogue v2,Groups 1-5 classifications for ethionamide also apply to prothionamide,99.11,1283599,66.0,63.0
sample4,lineage4,Euro-American,100.0,,inhA,1674782,T,C,1.0,p.Ile194Thr,c.581T>C,ethionamide,Uncertain significance,tbdb,Mutation from literature: doi: 10.1128/AAC.01028-15,99.11,1283599,66.0,63.0
sample4,lineage4,Euro-American,100.0,,inhA,1674782,T,C,1.0,p.Ile194Thr,c.581T>C,isoniazid,Uncertain significance,tbdb,Mutation from literature: doi: 10.1126/scitranslmed.3010597,99.11,1283599,66.0,63.0
sample4,lineage4,Euro-American,100.0,,pncA,2288868,A,C,1.0,p.Val125Gly,c.374T>G,pyrazinamide,Assoc w R,WHO catalogue v2,,99.11,1283599,66.0,63.0
sample4,lineage4,Euro-American,100.0,,embB,4247429,A,G,1.0,p.Met306Val,c.916A>G,ethambutol,Assoc w R,WHO catalogue v2,,99.11,1283599,66.0,63.0
sample4,lineage4,Euro-American,100.0,,embB,4247781,T,C,1.0,p.Met423Thr,c.1268T>C,ethambutol,Uncertain significance,tbdb,Mutation from literature,99.11,1283599,66.0,63.0
sample4,lineage4,Euro-American,100.0,,gid,4407965,C,G,1.0,p.Ala80Pro,c.238G>C,streptomycin,Uncertain significance,tbdb,Mutation from literature,99.11,1283599,66.0,63.0
sample5,lineage4,Euro-American,100.0,,rpoB,761155,C,T,1.0,p.Ser450Leu,c.1349C>T,rifampicin,Assoc w R,WHO catalogue v2,,98.6,1088807,55.5,54.0
sample5,lineage4,Euro-American,100.0,,rpoB,761155,C,T,1.0,p.Ser450Leu,c.1349C>T,rifapentine,Assoc w R,WHO catalogue v2,Groups 1-5 classifications for rifampicin also apply to rifapentine,98.6,1088807,55.5,54.0
sample5,lineage4,Euro-American,100.0,,inhA,1673425,C,T,1.0,,c.-777C>T,ethionamide,Assoc w R,WHO catalogue v2,Alias fabG1_c.-15C>T,98.6,1088807,55.5,54.0
sample5,lineage4,Euro-American,100.0,,inhA,1673425,C,T,1.0,,c.-777C>T,isoniazid,Assoc w R,WHO catalogue v2,"Alias fabG1_c.-15C>T. Low-level resistance (multiple, genetically linked low-level resistance mutations are additive and confer high-level resistance)",98.6,1088807,55.5,54.0
sample5,lineage4,Euro-American,100.0,,inhA,1673425,C,T,1.0,,c.-777C>T,prothionamide,Assoc w R,WHO catalogue v2,Groups 1-5 classifications for ethionamide also apply to prothionamide,98.6,1088807,55.5,54.0
sample5,lineage4,Euro-American,100.0,,inhA,1674782,T,C,1.0,p.Ile194Thr,c.581T>C,ethionamide,Uncertain significance,tbdb,Mutation from literature: doi: 10.1128/AAC.01028-15,98.6,1088807,55.5,54.0
sample5,lineage4,Euro-American,100.0,,inhA,1674782,T,C,1.0,p.Ile194Thr,c.581T>C,isoniazid,Uncertain significance,tbdb,Mutation from literature: doi: 10.1126/scitranslmed.3010597,98.6,1088807,55.5,54.0
sample5,lineage4,Euro-American,100.0,,pncA,2288868,A,C,1.0,p.Val125Gly,c.374T>G,pyrazinamide,Assoc w R,WHO catalogue v2,,98.6,1088807,55.5,54.0
sample5,lineage4,Euro-American,100.0,,embB,4247429,A,G,1.0,p.Met306Val,c.916A>G,ethambutol,Assoc w R,WHO catalogue v2,,98.6,1088807,55.5,54.0
sample5,lineage4,Euro-American,100.0,,embB,4247781,T,C,1.0,p.Met423Thr,c.1268T>C,ethambutol,Uncertain significance,tbdb,Mutation from literature,98.6,1088807,55.5,54.0
sample5,lineage4,Euro-American,100.0,,gid,4407965,C,G,1.0,p.Ala80Pro,c.238G>C,streptomycin,Uncertain significance,tbdb,Mutation from literature,98.6,1088807,55.5,54.0
sample6,lineage4,Euro-American,100.0,,rpoB,761155,C,T,1.0,p.Ser450Leu,c.1349C>T,rifampicin,Assoc w R,WHO catalogue v2,,99.16,981664,50.0,48.0
sample6,lineage4,Euro-American,100.0,,rpoB,761155,C,T,1.0,p.Ser450Leu,c.1349C>T,rifapentine,Assoc w R,WHO catalogue v2,Groups 1-5 classifications for rifampicin also apply to rifapentine,99.16,981664,50.0,48.0
sample6,lineage4,Euro-American,100.0,,inhA,1673425,C,T,1.0,,c.-777C>T,ethionamide,Assoc w R,WHO catalogue v2,Alias fabG1_c.-15C>T,99.16,981664,50.0,48.0
sample6,lineage4,Euro-American,100.0,,inhA,1673425,C,T,1.0,,c.-777C>T,isoniazid,Assoc w R,WHO catalogue v2,"Alias fabG1_c.-15C>T. Low-level resistance (multiple, genetically linked low-level resistance mutations are additive and confer high-level resistance)",99.16,981664,50.0,48.0
sample6,lineage4,Euro-American,100.0,,inhA,1673425,C,T,1.0,,c.-777C>T,prothionamide,Assoc w R,WHO catalogue v2,Groups 1-5 classifications for ethionamide also apply to prothionamide,99.16,981664,50.0,48.0
sample6,lineage4,Euro-American,100.0,,inhA,1674782,T,C,1.0,p.Ile194Thr,c.581T>C,ethionamide,Uncertain significance,tbdb,Mutation from literature: doi: 10.1128/AAC.01028-15,99.16,981664,50.0,48.0
sample6,lineage4,Euro-American,100.0,,inhA,1674782,T,C,1.0,p.Ile194Thr,c.581T>C,isoniazid,Uncertain significance,tbdb,Mutation from literature: doi: 10.1126/scitranslmed.3010597,99.16,981664,50.0,48.0
sample6,lineage4,Euro-American,100.0,,pncA,2288868,A,C,1.0,p.Val125Gly,c.374T>G,pyrazinamide,Assoc w R,WHO catalogue v2,,99.16,981664,50.0,48.0
sample6,lineage4,Euro-American,100.0,,embB,4247429,A,G,1.0,p.Met306Val,c.916A>G,ethambutol,Assoc w R,WHO catalogue v2,,99.16,981664,50.0,48.0
sample6,lineage4,Euro-American,100.0,,embB,4247781,T,C,1.0,p.Met423Thr,c.1268T>C,ethambutol,Uncertain significance,tbdb,Mutation from literature,99.16,981664,50.0,48.0
sample6,lineage4,Euro-American,100.0,,gid,4407965,C,G,1.0,p.Ala80Pro,c.238G>C,streptomycin,Uncertain significance,tbdb,Mutation from literature,99.16,981664,50.0,48.0
sample7,lineage4,Euro-American,100.0,,rpoB,761155,C,T,1.0,p.Ser450Leu,c.1349C>T,rifampicin,Assoc w R,WHO catalogue v2,,99.09,864968,45.0,43.0
sample7,lineage4,Euro-American,100.0,,rpoB,761155,C,T,1.0,p.Ser450Leu,c.1349C>T,rifapentine,Assoc w R,WHO catalogue v2,Groups 1-5 classifications for rifampicin also apply to rifapentine,99.09,864968,45.0,43.0
sample7,lineage4,Euro-American,100.0,,inhA,1673425,C,T,1.0,,c.-777C>T,ethionamide,Assoc w R,WHO catalogue v2,Alias fabG1_c.-15C>T,99.09,864968,45.0,43.0
sample7,lineage4,Euro-American,100.0,,inhA,1673425,C,T,1.0,,c.-777C>T,isoniazid,Assoc w R,WHO catalogue v2,"Alias fabG1_c.-15C>T. Low-level resistance (multiple, genetically linked low-level resistance mutations are additive and confer high-level resistance)",99.09,864968,45.0,43.0
sample7,lineage4,Euro-American,100.0,,inhA,1673425,C,T,1.0,,c.-777C>T,prothionamide,Assoc w R,WHO catalogue v2,Groups 1-5 classifications for ethionamide also apply to prothionamide,99.09,864968,45.0,43.0
sample7,lineage4,Euro-American,100.0,,inhA,1674782,T,C,1.0,p.Ile194Thr,c.581T>C,ethionamide,Uncertain significance,tbdb,Mutation from literature: doi: 10.1128/AAC.01028-15,99.09,864968,45.0,43.0
sample7,lineage4,Euro-American,100.0,,inhA,1674782,T,C,1.0,p.Ile194Thr,c.581T>C,isoniazid,Uncertain significance,tbdb,Mutation from literature: doi: 10.1126/scitranslmed.3010597,99.09,864968,45.0,43.0
sample7,lineage4,Euro-American,100.0,,pncA,2288868,A,C,1.0,p.Val125Gly,c.374T>G,pyrazinamide,Assoc w R,WHO catalogue v2,,99.09,864968,45.0,43.0
sample7,lineage4,Euro-American,100.0,,embB,4247429,A,G,1.0,p.Met306Val,c.916A>G,ethambutol,Assoc w R,WHO catalogue v2,,99.09,864968,45.0,43.0
sample7,lineage4,Euro-American,100.0,,embB,4247781,T,C,1.0,p.Met423Thr,c.1268T>C,ethambutol,Uncertain significance,tbdb,Mutation from literature,99.09,864968,45.0,43.0
sample7,lineage4,Euro-American,100.0,,gid,4407965,C,G,1.0,p.Ala80Pro,c.238G>C,streptomycin,Uncertain significance,tbdb,Mutation from literature,99.09,864968,45.0,43.0
sample8,,,,,,,,,,,,,,,,0.0,0,0.0,0.0
sample9,lineage4,Euro-American,100.0,,rpoB,761155,C,T,0.9722222222222222,p.Ser450Leu,c.1349C>T,rifampicin,Assoc w R,WHO catalogue v2,,98.93,897245,46.0,44.0
sample9,lineage4,Euro-American,100.0,,rpoB,761155,C,T,0.9722222222222222,p.Ser450Leu,c.1349C>T,rifapentine,Assoc w R,WHO catalogue v2,Groups 1-5 classifications for rifampicin also apply to rifapentine,98.93,897245,46.0,44.0
sample9,lineage4,Euro-American,100.0,,inhA,1673425,C,T,1.0,,c.-777C>T,ethionamide,Assoc w R,WHO catalogue v2,Alias fabG1_c.-15C>T,98.93,897245,46.0,44.0
sample9,lineage4,Euro-American,100.0,,inhA,1673425,C,T,1.0,,c.-777C>T,isoniazid,Assoc w R,WHO catalogue v2,"Alias fabG1_c.-15C>T. Low-level resistance (multiple, genetically linked low-level resistance mutations are additive and confer high-level resistance)",98.93,897245,46.0,44.0
sample9,lineage4,Euro-American,100.0,,inhA,1673425,C,T,1.0,,c.-777C>T,prothionamide,Assoc w R,WHO catalogue v2,Groups 1-5 classifications for ethionamide also apply to prothionamide,98.93,897245,46.0,44.0
sample9,lineage4,Euro-American,100.0,,inhA,1674782,T,C,1.0,p.Ile194Thr,c.581T>C,ethionamide,Uncertain significance,tbdb,Mutation from literature: doi: 10.1128/AAC.01028-15,98.93,897245,46.0,44.0
sample9,lineage4,Euro-American,100.0,,inhA,1674782,T,C,1.0,p.Ile194Thr,c.581T>C,isoniazid,Uncertain significance,tbdb,Mutation from literature: doi: 10.1126/scitranslmed.3010597,98.93,897245,46.0,44.0
sample9,lineage4,Euro-American,100.0,,pncA,2288868,A,C,1.0,p.Val125Gly,c.374T>G,pyrazinamide,Assoc w R,WHO catalogue v2,,98.93,897245,46.0,44.0
sample9,lineage4,Euro-American,100.0,,embB,4247429,A,G,1.0,p.Met306Val,c.916A>G,ethambutol,Assoc w R,WHO catalogue v2,,98.93,897245,46.0,44.0
sample9,lineage4,Euro-American,100.0,,embB,4247781,T,C,1.0,p.Met423Thr,c.1268T>C,ethambutol,Uncertain significance,tbdb,Mutation from literature,98.93,897245,46.0,44.0
sample9,lineage4,Euro-American,100.0,,gid,4407965,C,G,1.0,p.Ala80Pro,c.238G>C,streptomycin,Uncertain significance,tbdb,Mutation from literature,98.93,897245,46.0,44.0
