Sample_ID,Status,QC_Reason,Lineage,Family,Lineage_Fraction,Spoligotype,Resistance_Drug_Count,Resistance_Drugs,Resistance_Mutation_Count,Resistance_Mutations,Percent_Reads_Mapped,Reads_Mapped,Target_Median_Depth,Genome_Median_Depth
sample1,PASS,,lineage4,Euro-American,100.0,,14,amikacin; capreomycin; ethambutol; ethionamide; isoniazid; kanamycin; levofloxacin; moxifloxacin; para-aminosalicylic_acid; prothionamide; pyrazinamide; rifampicin; rifapentine; streptomycin,11,embA:c.-16C>T; embB:p.Met306Val; embB:p.Met423Thr; gid:p.Ala80Pro; gyrA:p.Asp94Ala; inhA:c.-777C>T; inhA:p.Ile194Thr; pncA:p.Val125Gly; rpoB:p.Ser450Leu; rrs:n.1401A>G; thyA:p.0?,99.16,847419,44.0,42.0
sample10,PASS,,lineage4,Euro-American,100.0,,13,amikacin; capreomycin; ethambutol; ethionamide; isoniazid; kanamycin; levofloxacin; moxifloxacin; prothionamide; pyrazinamide; rifampicin; rifapentine; streptomycin,10,embA:c.-16C>T; embB:p.Met306Val; embB:p.Met423Thr; gid:p.Ala80Pro; gyrA:p.Asp94Ala; inhA:c.-777C>T; inhA:p.Ile194Thr; pncA:p.Val125Gly; rpoB:p.Ser450Leu; rrs:n.1401A>G,99.19,711520,36.0,35.0
sample11,PASS,,lineage4,Euro-American,1.0,,1,rifampicin,1,rpoB:p.His445Asn,98.17,4767689,132.0,130.0
sample12,PASS,,lineage4,Euro-American,1.0,,2,rifampicin; streptomycin,2,rpoB:p.Leu430Pro; rrs:n.888G>A,77.58,2551953,76.0,75.0
sample13,PASS,,lineage2,East-Asian,1.0,,1,rifampicin,1,rpoB:p.His445Tyr,97.68,2349444,69.0,69.0
sample14,PASS,,lineage4.3,Euro-American (LAM),1.0,,6,ethambutol; ethionamide; isoniazid; pyrazinamide; rifampicin; streptomycin,7,embB:p.Asp1024Asn; ethA:p.Tyr84Asp; katG:p.Ser315Thr; pncA:p.Leu35Pro; rpoB:p.Leu430Pro; rpoB:p.Phe424Leu; rpsL:p.Lys43Arg,89.59,3052819,72.0,76.0
sample15,PASS,,lineage4.3,Euro-American (LAM),1.0,,6,ethambutol; ethionamide; isoniazid; pyrazinamide; rifampicin; streptomycin,7,embB:p.Met306Ile; ethA:p.Tyr84Asp; katG:p.Ser315Thr; pncA:p.Leu35Pro; rpoB:p.His445Gln; rpoB:p.Leu430Pro; rpsL:p.Lys43Arg,98.82,3093461,95.0,92.0
sample2,PASS,,lineage4,Euro-American,100.0,,3,isoniazid; rifampicin; rifapentine,2,inhA:p.Ile21Val; rpoB:p.Ser450Leu,98.75,1123413,58.0,55.0
sample3,PASS,,lineage4,Euro-American,100.0,,11,ethambutol; ethionamide; isoniazid; kanamycin; levofloxacin; moxifloxacin; prothionamide; pyrazinamide; rifampicin; rifapentine; streptomycin,8,eis:c.-10G>A; embB:p.Met306Val; gyrA:p.Asp94Gly; inhA:c.-777C>T; inhA:p.Ser94Ala; pncA:p.Leu120Pro; rpoB:p.Ser450Leu; rpsL:p.Lys43Arg,98.98,1019324,49.0,49.0
sample4,PASS,,lineage4,Euro-American,100.0,,8,ethambutol; ethionamide; isoniazid; prothionamide; pyrazinamide; rifampicin; rifapentine; streptomycin,7,embB:p.Met306Val; embB:p.Met423Thr; gid:p.Ala80Pro; inhA:c.-777C>T; inhA:p.Ile194Thr; pncA:p.Val125Gly; rpoB:p.Ser450Leu,99.11,1283599,66.0,63.0
sample5,PASS,,lineage4,Euro-American,100.0,,8,ethambutol; ethionamide; isoniazid; prothionamide; pyrazinamide; rifampicin; rifapentine; streptomycin,7,embB:p.Met306Val; embB:p.Met423Thr; gid:p.Ala80Pro; inhA:c.-777C>T; inhA:p.Ile194Thr; pncA:p.Val125Gly; rpoB:p.Ser450Leu,98.6,1088807,55.5,54.0
sample6,PASS,,lineage4,Euro-American,100.0,,8,ethambutol; ethionamide; isoniazid; prothionamide; pyrazinamide; rifampicin; rifapentine; streptomycin,7,embB:p.Met306Val; embB:p.Met423Thr; gid:p.Ala80Pro; inhA:c.-777C>T; inhA:p.Ile194Thr; pncA:p.Val125Gly; rpoB:p.Ser450Leu,99.16,981664,50.0,48.0
sample7,PASS,,lineage4,Euro-American,100.0,,8,ethambutol; ethionamide; isoniazid; prothionamide; pyrazinamide; rifampicin; rifapentine; streptomycin,7,embB:p.Met306Val; embB:p.Met423Thr; gid:p.Ala80Pro; inhA:c.-777C>T; inhA:p.Ile194Thr; pncA:p.Val125Gly; rpoB:p.Ser450Leu,99.09,864968,45.0,43.0
sample8,QC FAIL,No reads mapped / zero coverage,,,,,0,,0,,0.0,0,0.0,0.0
sample9,PASS,,lineage4,Euro-American,100.0,,8,ethambutol; ethionamide; isoniazid; prothionamide; pyrazinamide; rifampicin; rifapentine; streptomycin,7,embB:p.Met306Val; embB:p.Met423Thr; gid:p.Ala80Pro; inhA:c.-777C>T; inhA:p.Ile194Thr; pncA:p.Val125Gly; rpoB:p.Ser450Leu,98.93,897245,46.0,44.0
