feature,importance
total_dr_variants,0.273204875699534
mutation_count,0.1924539082044527
MUT_Rv0667_p.Ser450Leu,0.06948617074096283
MUT_Rv1484_c.-777C>T,0.0370505131832675
MUT_EBG00000313325_n.1401A>G,0.03364111764891437
MUT_Rv0006_p.Asp94Ala,0.027366097470173316
MUT_Rv0667_p.Leu430Pro,0.02443265694521637
MUT_Rv2416c_c.-10G>A,0.02429987157193766
MUT_Rv3794_c.-16C>T,0.02386602375569662
MUT_Rv0667_p.His445Asn,0.023799245592489634
MUT_Rv3795_p.Met306Val,0.02245938535166018
MUT_Rv3919c_p.Ala80Pro,0.021827258879375887
MUT_Rv1484_p.Ser94Ala,0.0208147554822572
MUT_Rv3795_p.Met423Thr,0.01980487076303854
MUT_Rv0006_p.Asp94Gly,0.01967948877245341
MUT_Rv0667_p.His445Tyr,0.01944176885232235
MUT_Rv2043c_p.Val125Gly,0.018285152746458994
MUT_Rv1908c_p.Ser315Thr,0.01787028364783723
MUT_EBG00000313325_n.888G>A,0.01749126852021612
MUT_Rv1484_p.Ile194Thr,0.016628838432671558
MUT_Rv1484_p.Ile21Val,0.014257396170408368
MUT_Rv3854c_p.Tyr84Asp,0.013768231205428262
MUT_Rv0682_p.Lys43Arg,0.01254870418914497
MUT_Rv2764c_transcript_ablation,0.009544110580091827
MUT_Rv2043c_p.Leu120Pro,0.008346611439899999
MUT_Rv2043c_p.Leu35Pro,0.006348965529083713
MUT_Rv0667_RRDR non-silent,0.0062759662282433765
MUT_Rv3795_p.Met306Ile,0.002325106395601443
MUT_Rv3795_p.Asp1024Asn,0.0014498546511627901
MUT_Rv0667_p.Phe424Leu,0.0012315013499989693
